,Title,Content
0,Everything you need to know to watch Blazers games this season (FAQ),"I keep seeing a lot of questions about watching games this season, both in this sub and on other social media platforms. I thought I would make a little FAQ regarding the new over the air (OTA) and direct-to-consumer options for the upcoming season.

I'm sure there are more questions and if you have one please send it my way. I meant to get this out a week ago but my work schedule has been crazy. Anyway, here we go.  

Q: I live in {insert city here}, what channel can I watch Blazers games on? 

A: The Blazers have partnered with Sinclair Broadcast Group to launch the [Rip City TV Network](https://www.nba.com/blazers/watch?utm_source=web&utm_medium=ad&utm_campaign=ota_dtc&utm_content=home_veneer_cta). The following is a list of cities and stations that will be broadcasting the games. 



City  | OTA| Cable
---|---|----
Portland| KATU Charge! 2.2| Astound Broadband, KATU Charge!: Channel 3 Comcast, KATU Charge!: Channel 302, 1170 Northwest Fiber, KATU Charge!: Channel 463 TDS, KATU Charge!: Channel 239
Eugene | TBD.TV Network: Channel 13.2, 11.2, 4.2|Charter Communications, TBD.TV Network: Channel 187 Comcast, TBD.TV Network: Channel 313, 1186
Medford | TBD.TV Network: Channel 10.3| Charter Communications, TBD.TV Network: Channel 187
Seattle |  TBD.TV Network: Channel 51.2|  Astound Broadband, TBD.TV Network: Channel 84 Comcast, TBD.TV Network: Channel 1162 Northwest Fiber, TBD.TV Network: Channel 23
Yakima/Pasco| KEPR-3: Channel 19.3 KIMA-3: Channel 29.3| Charter Communications, TBD.TV Network: Channel 181

Q: Why isn't Bend on this list? 

A: I don't know, but the official press release states that ""In the coming months coverage will expand to provide greater reach."" In addition, Blazers beat reporter/insider Casey Holdahl [tweeted](https://x.com/CHold/status/1838647170389676120?t=5p5XZfF5qM9f1Bs8sI0VFQ&s=19) that he believes getting the games on in Bend is ""the biggest priority"" after the initial launch.

Q: Will Blazers games be available on satellite television? 

A: According to [KATU](https://katu.com/sports/trail-blazers/ripcity-tv-network-how-to-watch-the-portland-trail-blazers-over-the-air-and-streaming) the Rip City TV Network will be available on Dish Network Channel 290-36 beginning January 1. ~~Aaron Fentress [reported on OregonLive](https://www.oregonlive.com/blazers/2024/09/how-to-watch-portland-trail-blazers-games-on-rip-city-television-network.html) that games would be available on Direct TV beginning in January on KUNP (47).~~ UPDATE: In an OregonLive article published on 10/23 the President of business operations for the Blazers Dewayne Hankins confirmed that beginning with tonight's season opening game that there WILL be a broadcast available to local subscribers of DirecTV! Furthermore, the Blazers How to Watch page has been updated to reflect that the games scheduled to air on KATU's main 2.1 channel WILL be available to Dish subscribers before the expected 1/1/25 availability date for games airing on Charge! 2.2. Check the [game schedule](https://www.nba.com/blazers/schedule) for which games will be airing on KATU 2.1.

Q: I am a Hulu TV/YouTube TV/Fubo/etc subscriber, can I watch the games? 

A: Portland's KATU has confirmed that the games [will be available](https://katu.com/sports/trail-blazers/ripcity-tv-network-how-to-watch-the-portland-trail-blazers-over-the-air-and-streaming) on YouTube TV and Sling TV. On 10/2 KATU clarified that on 1/1/2025 games will be broadcast on KUNP 16.1 / KUNP-LD 47.1 including streaming services (YouTube TV, Hulu, Sling TV, etc). UPDATE: In an OregonLive article published on 10/23 the President of business operations for the Blazers Dewayne Hankins confirmed that beginning with tonight's season opening game that there WILL be a broadcast available to local subscribers of Fubo! Furthermore, the team's How to Watch page has been updated to reflect that games that are airing on KATU's main 2.1 channel WILL be available to YouTube TV, Hulu and DirecTV Stream subscribers before 1/1/25! Check the [game schedule](https://www.nba.com/blazers/schedule) for which games will be airing on KATU 2.1.

Q: How do I watch the games for free over the air? 

A: The vast majority of modern televisions have built in over the air tuners, one simply needs to purchase and connect an antenna. For most, a simple indoor antenna like the [Mohu Leaf](https://www.gomohu.com/leaf-tv-antennas.html) should suffice. Some may find that an outdoor antenna is more suited to obtaining a signal. The  [RabbitEars.Info Signal Search Map](https://www.rabbitears.info/searchmap.php) is a great tool for helping determine a height and direction for outdoor antenna installations.

Q: What resolution will the games be broadcast in? 

A: In Portland channel 2.2 is currently broadcast in 480i. According to an [engineering FAQ](https://www.katuengineering.com/hesk/knowledgebase.php?article=119) provided by KATU, the channel will be switched over to 1080i on October 18th. While 4K broadcasts have not been announced, KATU is one of the few local networks that have filed ATSC 3.0 paperwork with the FCC. 

Q: How many games with be available on the Rip City TV Network?

A: All regular season games will be broadcast on the network with the exception of the nationally televised game on January 28, 2025 which is a home game against the Milwaukee Bucks. UPDATE: KATU has released the [channel schedule](https://katu.com/sports/trail-blazers/ripcity-tv-network-how-to-watch-the-portland-trail-blazers-over-the-air-and-streaming) through 12/30/2024. This schedule shows which games will air on Charge! and which will air on KATU.

Q: Can I watch the games on demand over the air? 

A: In order to record, pause, rewind or rewatch OTA programming you will need an OTA DVR like a [Tablo](https://www.tablotv.com/product/) device. 

Q: I would prefer to stream the games to my smartphone, smart TV, or computer. Can I do that? 

A: Yes! In addition to free over the air broadcasts the Portland Trail Blazers have announced a direct-to-consumer streaming subscription called [BlazerVision](https://www.nba.com/watch/league-pass-stream/blazers?teamName=blazers). You can subscribe to BlazerVision and watch live games through the NBA app or through NBA.com. It will include access to live games, on-demand replays and original content. 

Q: How much does BlazerVision cost?

A: It costs $120 for the 2024-2025 season or $19.99/month starting November 1st. If you subscribe for the full season by October 31st you will receive a pair of upper bowl tickets to a select game during the season. 

Q: Is DVR available on BlazerVision?

A: No, you will not be able to pause, rewind or fast forward live broadcasts. If you turn on a live game you will start watching from that point in the game. Replays will be available 60 minutes after the conclusion of the post-game show. 

Q: I'm a Blazers fan living outside of the local media market, can I still subscribe to BlazerVision?

A: No, and yes. Officially, BlazerVision is for customers in the local media market which covers Oregon and Washington. Subscriptions are zip code authenticated. Those traveling outside of the market can watch games for 30 days before they need to re-authenticate in the local media market. That being said, it's likely that savy Internet users who utilize a VPN will be able to circumvent these authentication measures. 

Q: Will preseason games be available on Rip City TV Network and BlazerVision?

A: According to the [official Blazers schedule](https://www.nba.com/blazers/schedule) on NBA.com the Blazers preseason game against the Utah Jazz on October 18th will be broadcast on Rip City TV Network and BlazerVision.


Edit: added information on preseason games.

Edit 2: included Dish Network details.

Edit 3: revised channel listings to use a table format provided by u/ciroc__obama.

Edit 4: included Direct TV info and added the channel schedule.


Edit 5: Updated information regarding games airing on 2.1 being available to YouTube TV, Hulu Dish and DirecTV Stream subscribers. Updated upstanding regarding current availability for Fubo and DirecTV subscribers."
1,"Updates from Bill Oram re: DirecTV, Comcast, Fubo, YouTube TV, Hulu and DirecTV Stream","[OregonLive](https://www.oregonlive.com/blazers/2024/10/trail-blazers-games-will-air-on-directv-and-fubo-and-on-comcast-despite-issue-with-channel-guide.html) published a story by Bill Oram this afternoon in which Dewayne Hankins, Blazers president of business operations, confirmed that the game tonight will be available on DirecTV, Fubo and Comcast Xfinity. 

Hankins confirmed that in spite of Xfinity guides displaying CSI: Miami and Law & Order: Criminal Intent being listed from 7pm-10pm the Blazers game will in fact air in the time slot.

The Where to Watch page referenced in the article also includes new details regarding select games that will air on KATU's main 2.1 station.

According to this updated information from the organization, Blazers games that are scheduled to be broadcast on the main KATU channel 2.1 WILL air on YouTube TV, Hulu and DirecTV Stream in the Portland area. According to the game schedule published thus far, that includes games on October 27 (Pelicans), November 7 (Spurs), November 17 (Hawks), November 20 (Thunder), November 22 (Rockets), and November 27 (Pacers).

This is a great time to remind everyone that there is an [FAQ](https://www.reddit.com/r/ripcity/comments/1fuyn3w/everything_you_need_to_know_to_watch_blazers/) I've created and the mod team has pinned regarding how to watch Blazers games. I will be updating the FAQ shortly.

Happy first game of the season, everyone!


Update: Bill Oram has updated his story regarding the Blazers games on Fubo and DirecTV. 

[Confusion persists about how to watch Trail Blazers game on opening night](https://www.oregonlive.com/blazers/2024/10/trail-blazers-games-will-air-on-directv-and-fubo-and-on-comcast-despite-issue-with-channel-guide.html)"
2,Somehow this is Joe Cronin's fault... Miami probably ,
3,Live shot of Joe Cronin,
4,Live look at Joe Cronin right now.,
5,"From Joe Cronin Interview: “I’m approaching this trade deadline as I try to approach all trade circumstances, if it makes sense for us, we’ll look at it… we feel like we can be patient…”","From 14:30 in the interview, when asked by Kevin, “You don’t feel there’s any immediacy at all when approaching the trade deadline?”. 

Seems like he’s open to moves, but still wouldn’t be shocked if we don’t make any moves if those deals aren’t out there… What do you all think? Do you think he is genuinely being patient this deadline and/or saying this to not lose leverage in deals?"
6,joe friccin cronin joined blazers uprise for their live trade deadline show,
7,Joe Cronin has the opportunity to do the funniest thing,"Miami. We hear your star wants out. well give you Anfernee, Kris Murray, and duop with a 2027 second round pick swap for jimmy butler and cash considerations  "
8,“Joe Cronin confirms that Chauncey Billups will be back as head coach next season” -Sean Highkin,https://x.com/highkin/status/1779956774315192666?s=46&t=2JPC1nZVL_cqlTT8ItdZzQ
9,Search ‘Joe Cronin’ on Twitter anytime Dame starts ballin out and it’s full of angry Heat fans 😂,Highly recommend
10,so you're tellin joe cronin there's a chance at cooper flagg,
11,"Per NBA, Joe Cronin has received 2 second place votes for Executive of the Year",
12,Joe Cronin trade deadline press conference today at 4:45 (PST) - link included,
13,Mike Richman tiers his list of blame for this season. At the top of the list is Joe Cronin.,"1. Cronin - he states that Cronin has built bad rosters ever since his hiring and the onus for this season predominantly falls on him and the talent he has put together in this roster

2. Billups - he believes Billups has not been a good coach

3. Ownership* - he doesn’t necessarily see ownership group as a problem but faults them for not making changes either to the coaching staff or front office

4. Bad luck - we were stuck with bad injury luck throughout this season

Can find the podcast here: https://open.spotify.com/episode/0LOX3EAq6Wb6T3glojJuty?si=sgXvT0F6QzWtzkPkxQQ92Q&context=spotify%3Ashow%3A5JX8iraZGkszb5tsPQNsMU

I think both the front office and coaching staff needs to be completely overhauled. This is a results based league and neither Cronin nor Billups have put together a winning team.

"
14,Shout out Joe Cronin and the Phoenix Suns for giving us our guy.,
15,The 2024-25 Portland Trail Blazers and Joe Cronin have ONE mission and one mission only. Capture The Flagg,
16,You're now Joe Cronin. Extend Shaedon.,"How much is your initial offer? And how high would you go? How many years?

All this Kuminga talk has got me thinking..."
17,Blazers GM Joe Cronin speaks about drafting Donovan Clingan (won't be discussing Avdija trade),
18,If Jody Allen or Joe Cronin followed this Reddit…,"Jody- Cronin sucks, before being a GM he was Director of Player Personnel since 2014. Who did he bring here that we were in awe of since 2014, outside of a draft pick. 

Joe - your coach sucks and you should know better. He has won less than 33% of his games in 4 years. When is enough, enough? If you can’t see that then go back to being what you were before being director of player personnel, a salary cap analyst. "
19,General manager Joe Cronin | Portland Trail Blazers exit interview,In case anyone missed it
20,What is Joe Cronin’s asking price for Anfernee Simons?,I say Anthony Black and a 1st round pick.
21,Dear Joe Cronin -,"Quit going backwards. Right now you have a solid team. Ant should be the leader on the court but he’s not reaching for it or is it the lack of support from coaching or management to build him up? Your scoring rotation if everyone is healthy should be Ant,, D’Andre/Grant, Shae, Scoot.

Regarding coaching, Billups is a great guy but he’s not our right guy. So Billups needs to change his tune / philosophy or go coach somewhere else.  Bring back Monty who got the best out of D’Andre in Phx. we could have one of the top 3 front courts if Clingan and Ayton had the right coach.

Don’t shop Ant unless you get a no conditional 1st"
22,“I’m not saying it’s tendinitis…but it’s tendinitis.” - Joe Cronin (probably),
23,you’re in this image,
24,Rare photo of Portland Trail Blazers GM Joe Cronin working on his tank theory formula. [Photo taken circa 2022-2024],
25,5 years $160 million,
26,The young core is right there. Get to work Cronin.,"Scoot, Shaedon, Deni, Camara, Clingan. Thats it. 

No hiding anymore for Joe, time to commit to them now. Everyone else is expendable, even if I’d like to keep some of them, like timelord. But big picture wise those are the five to build around. 

Goodnight. "
27,We've come a long way since this was our starting lineup,
28,Made me laugh a bit,
29,I officially hope we make the play in,I’m sick and tired of rooting for the tank. Let’s make the play in
30,[NBACentral] Bill Simmons on the Damian Lillard trade,"“Miami, and their whole little annoying media machine that they have, f****d up that Portland situation to the point that Joe Cronin and the Portland people were like, ‘We’re never trading with those f*****g guys.’”"
31,Theory: Jerami Grant is an sleeper agent for the blazers front office,"Exactly what the title says: Jerami Grant is a top secret operative for Joe Cronin with the sole goal of sabotaging the team so they don’t win. 

With the team being way nicer than expected this year, but the draft class also being stacked, this was the only option. Joe knows we’re not good enough to win now so he has company man Jerami Grant miss his shots and run into opposing defenders so that next year the team is reoriented with new talent from the draft and possible trades with our existing assets. 

This also means our existing young talent has to work twice as hard to stay in games and puts them in high pressure situations where they are put in positions to grow under the pressure.

Developing our young talent, keeping them motivated, while also positioning ourselves for a good pick. Joe you sly dog. Well played. "
32,Media Day Interview Notes,"I listened to all the interviews yesterday and made the following notes for where I thought the meat was.  I made the post to consolidate discussion on it to one thread.  I encourage you to listen to them all if you're able as it's a decent window into where we are at.



Hankins:  

* Main takeaway is that KATU won't show games on their main channel until Jan 1.

Cronin: 

* They didn't learn enough last year, that has to change this year.  They need to know what they have.  
* They will be patient with moves because they are not in a position to rush anything anyway.
* Patience, patience, patience.
* Roster is not good enough
* The team needs to take steps, as individuals and as a unit

Billups:

* Wants to play faster (same thing as previous years)
* Deni has been yelling at people in practice for not playing hard enough
* Might experiment with 2 center lineups

Scoot:

* Rough first question, made a joke, it wasn't funny, sobered up quickly
* Focusing on what he can control, a good response to the aggressive questions
* Focused on shooting reps and mechanics

Sharpe:

* Played a lot of 5v5 pickup
* Feel 100%

Simons:

* Humble and poised
* Playing for the Blazers, not worried about the rumors, (it's really that simple)
* Mentioned Deni

Grant:

* Seemed happy
* Completely on the same page with Joe, transparency there, wouldn't elaborate
* Mentioned Deni
* Admitted Deni is a better rebounder than him

Thybulle:

* Thinking about improving offensively

Ayton:

* High energy, talked about Clingan, Deni, Toumani
* Bahamas national team made him focus on 3 level player offensively, and getting to the line.

Clingan:

* Really appreciates Ayton
* Not assuming anything (that he'll play first season)

Toumani:

* Gained 10lbs of muscle
* Trying to be more consistent with this 3 ball

Timelord:

* So excited to be back
* Feels ready to play (100%)

Deni:

* Ready to do anything for the team
* Russell Westbrook instilled in him the competitive nature of getting after it during practice and holding other guys accountable.
* Worked on going left this summer



What did I miss?"
33,Anfernee and #5 for #1 overall?,"body text. If Portland can’t find a Wemby/Giannis/Jokic stopper, what is the point of having high draft picks? The next five to seven years will become very bleak if we can’t get a “Jonathon Isaac” type defender or generational big to compete against high level competition. It’s a copycat league, and the generational big-man era is in full swing. I don’t know if Sarr is the guy, but he sure looks great against lower levels of competition. 

Sorry this doesn’t have any analytics, but if that offer isn’t good enough what would you offer? It’s about time for Joe Cronin to push the chips to the middle of the table and go all in. If not, he’s exactly who they keep telling us he is."
34,Deni & Ayton,"Firstly it is very unfortunate for DA, part of the game and these guys make a lot of money but still he had a good streak, mot always I thought that he fits for the team and vice versa but he's still a major part of the team and also it kind of look like he's getting better too though he said that he was just waiting for the rest of the team to catch up 😅
Hope he'll get as quick recovery as possible!

I watched the game yesterday and Deni was on point right from the start. Not too flashy, not too aggresive but when Deni is having a good game you can tell his decision making and the generaly the quickness of making a move (at least I feel  like I can tell it, I've been watching for a while).

Portland playin team ball and it's fun to watch, even in games like this. But in games like this it is not always a good thing, the only chance for winning is someone taking the game on himself (bc team wise we had no chance).

Imo Deni could do it yesterday but he needed either the team seeing it and play more through him, looking to put him in his spots more, or Chauncy should have make this decision.

Deni ain't a superstar, he won't take the game himself by fource, however In Israel national team when everyone looking for him (specifically in clutch time but also the offence is more dependent on him even more than Portland) The results are coming.

Also Deni as a playmaker pass the ball more to whoever is more ""hot"". sometimes he passes the ball to players for them to get warm up of they're cold, but what I'm saying is that he makes his decision based on the feeling of the game, as much as Chauncy and the team flow allow him.

I wish there was a perminant pass first playmaker on the team. Scoot is getting close but he's not always starting and he's still improving too, but I think that these kind of things can level us up and actully give us more Wins, this season or the next, to a point that we're one of the better teams in the west and not just for a good streak!"
35,Who says no?,
36,Greg Oden Visits Practice Facility | Portland Trail Blazers,
37,This is the perfect draft to evaluate the front office,"This is perfect situation to see what Mike Schmitz and Joe Cronin can do with the most muddy draft we’ve had in a while. Last year was more or less a consensus pick of Scoot, but the outcome was a little underwhelming.

With no absolute standouts in this draft and the possibility of player 15 being as good as player 1 and no pressure on picking what might be viewed as an outlier. This is the perfect draft to see where the front office stands. "
38,Zion + Jimmy. Cronin pls,Let's get it done Joe!
39,At what point does Cronin deserve to be on the chopping block?,"Okay first and foremost let's talk about how he got the job:

Before being GM Cronin was an understudy of Olshey. Per his own bio on NBA.com:

>In 2010 he was promoted to Pro Scout/Salary Cap Analyst where he was a crucial part of the player evaluation and **roster construction process**. In 2014, he was named the team’s Director of Player Personnel and **was active in the NBA Draft, trades, and free agent acquisitions and negotiations**. in 2021, Cronin was named Assistant General Manager where he managed the team’s Salary Cap and oversaw its amateur and professional scouting.

As he was the director of player personnel and assistant GM during between 2014-2021, two very important positions in a front office, he was one of the core causes of the 'Oops all guards' rosters at the end of Dame's time in PDX. 

In Dec. 2021, Olshey deservedly got fired and he was promoted to interim GM. 

Later that season, he was promoted to GM with zero experience in the job and **without facing any competition for the job.** Why? I don't think anyone knows for sure, but it's probably because Jody and Bert Kolde wanted to save a bit of money and not pay for an experienced GM. 

Let's talk about his trades after Olshey to ""restructure"" the team:


**Move 1:** 

Traded Robert Covington and Norman Powell to the Los Angeles Clippers for Eric Bledsoe, Keon Johnson, Justise Winslow and a 2025 2nd round draft pick. We also received a trade exception.

This trade in hindsight looks terrible. None of the players we received are on the team currently and outside of Keon Johnson, none of the players we received are in the NBA. This deal was not a good deal. We gave away Norm (A 6th man of the year candidate this year) for basically nothing.  


**Move 2:** 

Traded CJ McCollum, Larry Nance Jr. and Tony Snell to the New Orleans Pelicans for Nickeil Alexander-Walker, Josh Hart, Didi Louzada, Tomas Satoransky, a protected 2022 1st round draft pic, a 2026 2nd round draft pick and a 2027 2nd round draft pick. New Orleans and Portland both received a trade exception.

This trade is also terrible in hindsight. Joe made a bet that the Pelicans would not make the playin and lost. The 2022 1st did not convey and became a 2025 Bucks that eventually became Jerami Grant who we had to arguably overpay to keep.

**Move 3:** 

Signing Gary Payton 2 to a three-year 26.1 million contract that hard-capped us.

This signing was absolute shit because Gary didn't play for most of that year, wasting another year of Dame's prime. When traded back to the Warriors, the mitten went ahead and shat all over the blazers training staff in the whole toradol scandal. At least Joe was able to salvage 5 seconds from this trade.

**Move 4:**

Signing Jerami Grant to a 5-year $160 million contract.

This is a very bad contract for someone who is not even an all-star and will make more money than Booker, Brunson, and J. Murray this year. The reasoning we gave this contract to him was likely because Dame wasn't happy with the roster so we couldn't lose him (Joe said as much in the exit interviews that season) and this came out in multiple reports. Now we have another massive over-valued contract (same logic as people had against Olshey paying Norm his bag)

**Move 5:**

Trading Josh Hart for Reddish, Myhailiuk, and Arcidiacono and a 2023 lottery protected first.

Another bad move imo. None of the players are on the roster and the pick we received ended up being Kris Murray who has shown flashes but not the upside of his brother. 

**Move 6:** 

Damian Lillard and Jusuf Nurkic for Ayton, Camara, Brogdon, Williams, 2029 1st-round pick, two first-round pick swaps with Bucks, 2024 1st-round pick, and a 2029 unprotected 1st-round pick.

This might be too early to tell but just looking at this year: 

Williams was injury prone and is out for the year. Who knows if he will ever be able to stay healthy on a NBA team. 

Brogdon has had issues with injuries all year, and when played has been a quality starter and a tradeable asset. But it seems he is looking for another contract and this screams Jerami Grant situation all over again. 

Ayton has been decent and great recently. His issues has never been talent though, it's been consistent energy level on the floor and that has shown up throughout this season. While it doesn't affect us much, he is overvalued at his contract. 

Camara has been a bright spot for the team this year. His hustle and energy is something that makes games actually fun to watch and he looks to be a solid contributor in the future.

Let's talk about the picks from this trade. The 2029 firsts are with Boston and Milwaukee. Giannis, Tatum, and Brown are all likely going to be in their primes and they have a competent ownership and front office so it's likely that these teams are still going to be competitive. These picks are more likely than not late first round picks. This is the same with the pick swaps. The warriors pick get's interesting if they don't make the playoffs but this is a bet from Joe, and he has previously been on the wrong side of a similar bet (CJ trade).


**Conclusion:**

Joe has been a sub-par to very bad GM in his tenure. He got his job as an interim and, in what seems like a cost saving move by the ownership group, he was promoted to fulltime GM without a proper candidate search. In three years as GM, he hasn't put together a competitive, **balanced** roster and has repeated the same mistakes as his predecessor and mentor in roster building; ""Oops All Guards"". For the team to turn the page, we need to likely clean house, **firing Joe Cronin, Chauncey Billups, and firing whoever negotiated this TV deal with Root Sports.** 

This franchise has been in a downward spiral ever since Paul Allen's passing and it's likely that we won't start winning again until Jody sells the franchise to an owner that wants to put the effort in and holds people accountable."
40,"Deni Avdija full highlights despite the 114-121 L to the Pacers tonight - he was back in the starting lineup as well: 16 points on 6/12 FG, 2/5 3PT, 2/2 FT, 5 Rebounds (1 Off. Reb), 7 Assists (2 TOV, 2 steals, 3 PF, and a +/- of -4 in 41:09 minutes played (a season-high)!",
41,"not 100% sure if drafting Donovan Clingan means a new era for Blazers bigs entirely, but one thing is pretty clear",
42,This is my favorite season of the past few years so far.,"Most games have been competitive for at least the first few quarters. Virtually all of the developmental players have shown real leaps so far. Shae “McNcheeze” Donsharpe looked fantastic in his first action of the season last night.

Peering at the Tankathon standings, the Bucks, Sixers, and Magic will almost certainly finish higher than the Blazers, as well as most teams already ahead of them besides Detroit. With that in mind, I am projecting the Blazers to finish 1-7th as far as worst finishers are concerned (probably closer to 7th).

If you’re telling me that the Blazers will be generally competitive, prove that some of their projects are working, show flashes of greatness, and still finish with a 7.5-14% chance at the top pick in 2025?? Well that’s about as good as we could ask for rn, chaps/shaps/thaps 🫡

This isn’t a year of serious interest for me. That starts in a couple seasons, because that’s when you’ll know if your rebuild has legs, or if you need to blow part of it up and start a sub-rebuild."
43,Rip City Radio - Media day interviews.,
44,The Rip City Remix take on the Santa Cruz Warriors here at home at 6pm. They are trying to make the push to make it to the playoffs and potentially host a playoff game at home. Go Remix,
45,Best view at Moda Center,"Bringing my family down to Portland to catch the Wednesday game against the Clippers. Any opinions on where the best, but affordable sections in the stadium? Best to drive there or take the Max? Thanks in advance!"
